# prop_name, value
name,euroroad
description,"A network of international \"E-roads,\" mostly in Europe. Vertices represent cities and edges represents roads. Metadata includes names of cities."
citation,"['L. Šubelj & M. Bajec. \"Robust network community detection using balanced propagation.\" The European Physical Journal B 81(3), 353-362 (2011)., http://wwwlovre.appspot.com/publications.jsp?show=bpa#bpa']"
url,http://konect.cc/networks/subelj_euroroad
tags,"['Transportation', 'Roads', 'Unweighted', 'Metadata']"
konect_meta,"category: Infrastructure
code: ET
name: Euroroads
description: City–city roads
entity-names: city
extr: subelj
url: http://lovro.lpt.fri.uni-lj.si/support.jsp
long-description: This is the international E-road network, a road network located mostly in Europe.  The network is undirected; nodes represent cities and an edge between two nodes denotes that they are connected by an E-road. 
relationship-names: road
cite: konect:eroads
"
konect_readme,"Euroroads network, part of the Koblenz Network Collection
===========================================================================

This directory contains the TSV and related files of the subelj_euroroad network: This is the international E-road network, a road network located mostly in Europe.  The network is undirected; nodes represent cities and an edge between two nodes denotes that they are connected by an E-road. 


More information about the network is provided here: 
http://konect.cc/networks/subelj_euroroad

Files: 
    meta.subelj_euroroad -- Metadata about the network 
    out.subelj_euroroad -- The adjacency matrix of the network in whitespace-separated values format, with one edge per line
      The meaning of the columns in out.subelj_euroroad are: 
        First column: ID of from node 
        Second column: ID of to node
        Third column (if present): weight or multiplicity of edge
        Fourth column (if present):  timestamp of edges Unix time
    ent.subelj_euroroad.city.name -- Contains the attribute `name` of entity `city` of the network


Use the following References for citation:

@MISC{konect:2017:subelj_euroroad,
    title = {Euroroads network dataset -- {KONECT}},
    month = oct,
    year = {2017},
    url = {http://konect.cc/networks/subelj_euroroad}
}

@article{konect:eroads,
	title = {Robust Network Community Detection Using Balanced Propagation},
	volume = {81},
	number = {3},
	journal = {Eur. Phys. J. B},
	author = {\v{S}ubelj, Lovro and Bajec, Marko},
	year = {2011},
	pages = {353--362}
}

@article{konect:eroads,
	title = {Robust Network Community Detection Using Balanced Propagation},
	volume = {81},
	number = {3},
	journal = {Eur. Phys. J. B},
	author = {\v{S}ubelj, Lovro and Bajec, Marko},
	year = {2011},
	pages = {353--362}
}


@inproceedings{konect,
	title = {{KONECT} -- {The} {Koblenz} {Network} {Collection}},
	author = {Jérôme Kunegis},
	year = {2013},
	booktitle = {Proc. Int. Conf. on World Wide Web Companion},
	pages = {1343--1350},
	url = {http://dl.acm.org/citation.cfm?id=2488173},
	url_presentation = {https://www.slideshare.net/kunegis/presentationwow},
	url_web = {http://konect.cc/},
	url_citations = {https://scholar.google.com/scholar?cites=7174338004474749050},
}

@inproceedings{konect,
	title = {{KONECT} -- {The} {Koblenz} {Network} {Collection}},
	author = {Jérôme Kunegis},
	year = {2013},
	booktitle = {Proc. Int. Conf. on World Wide Web Companion},
	pages = {1343--1350},
	url = {http://dl.acm.org/citation.cfm?id=2488173},
	url_presentation = {https://www.slideshare.net/kunegis/presentationwow},
	url_web = {http://konect.cc/},
	url_citations = {https://scholar.google.com/scholar?cites=7174338004474749050},
}


"
